id,feature1,feature2,date_col,missing_data_num,outlier_feature,target,category_cat_0,category_cat_1,category_cat_2,category_cat_3,category_cat_4,missing_data_cat_A,missing_data_cat_B,missing_data_cat_C,missing_data_cat_nan,id_x_feature1,id_x_feature2,id_x_date_col,id_x_missing_data_num,id_x_outlier_feature,id_x_target,feature1_x_feature2,feature1_x_date_col,feature1_x_missing_data_num,feature1_x_outlier_feature,feature1_x_target,feature2_x_date_col,feature2_x_missing_data_num,feature2_x_outlier_feature,feature2_x_target,date_col_x_missing_data_num,date_col_x_outlier_feature,date_col_x_target,missing_data_num_x_outlier_feature,missing_data_num_x_target,id_squared,id_sqrt,id_log,feature1_squared,feature1_sqrt,feature1_log,feature2_squared,feature2_sqrt,feature2_log
-1.6754500539668538,-0.8784296351359595,-0.36479386617819914,-1.7129115371395962,0.35234423221648925,-0.23498418556965417,-0.8744746321952062,False,True,False,False,False,True,False,False,False,1.471764979594627,0.6111939027750409,2.869897727340983,-0.5903351628820266,0.3937042663940343,1.4651385697041028,0.32044574276675153,1.504672256589711,-0.30950961534819044,0.2064170723926719,0.7681644320948874,0.6248596220543953,-0.1285330146958423,0.08572078954468954,0.31900298195324794,-0.6035345004082174,0.40250712250761245,1.4978976864230735,-0.08279532244755683,-0.30811609287361674,2.807132883337533,1.2943917698930467,0.9841176106700459,0.771638623885095,0.9372457709352224,0.6304361273244407,0.13307456480123786,0.6039816770219103,0.31100340344432764
-1.6406736460201248,0.6939703105365753,0.5294127181798969,-1.6744191430465716,-0.4910329193655329,0.19461690484181146,1.143543749793731,False,False,True,False,False,False,False,True,False,-1.1385787996177612,-0.8685934945856362,2.7471753603881113,0.8056247701313548,-0.3193028268439665,-1.876182093357606,0.3673967084373155,-1.1619971726684155,-0.34076226753578,0.13505835388873902,0.7935854111565154,-0.8864587898927391,-0.2599590725571169,0.10303266459606174,0.605406604935931,0.8221949200516919,-0.32587027102760213,-1.9147715455658822,-0.09556330694235879,-0.5615176258834242,2.69181001274497,1.2808878350660236,0.9710340535551831,0.4815947919062308,0.8330488044145885,0.5270750698286819,0.2802778261706269,0.7276075303210494,0.42488381739038883
-1.6058972380733958,0.8913416952453246,-0.7058531337770935,-1.635926748953547,0.35234423221648925,0.4495108831858904,1.143543749793731,False,False,False,True,False,False,True,False,False,-1.4314031665741251,1.1335275980180854,2.6271302478348906,-0.5658286293675513,-0.7218682857921542,-1.8364137494098471,-0.6291563288550994,-1.4581697217094272,0.31405910525375785,0.4006677926501346,1.0192882245283394,1.1547240223786335,-0.24870328047829288,-0.31728866556366975,-0.8071739394031135,-0.5764093543224549,-0.7353668777495312,-1.8707538088862068,0.15838256700908854,0.40292104452703725,2.578905939251761,1.2672400080779473,0.9577770451060479,0.7944900176828091,0.9441089424665591,0.637286468881842,0.4982286464629434,0.8401506613561007,0.534065357308067
-1.5711208301266668,0.5469520589888058,0.36385105572490933,-1.5974343548605223,2.0390985353805338,-0.49108105890537207,-0.8744746321952062,False,False,False,False,True,False,False,False,True,-0.8593277729579822,-0.5716539727129837,2.5097623896813204,-3.2036701836171346,0.7715476809268907,1.373905310059244,0.1990090840939899,-0.8737200094904174,1.1152891424074414,-0.2685977962986963,-0.4782957006126467,-0.5812281764672405,0.7419281548253236,-0.17868036172922602,-0.31817851812887754,-3.2573260533626387,0.7844697545167252,1.3969158199226417,-1.0013626679670657,-1.7831399417366758,2.468420662857907,1.253443588729332,0.9443419245060042,0.29915655483209413,0.739562072438011,0.436286581446102,0.13238759075213108,0.6032006761641678,0.3103123567762608
-1.5363444221799378,0.35071213263361856,-0.8831841225785527,-1.5589419607674977,0.35234423221648925,0.15515597341901075,-0.8744746321952062,True,False,False,False,False,False,True,False,False,-0.5388146287624904,1.356875000481442,2.3950717859274007,-0.541322095853076,-0.23837301433019586,1.3434942235109577,-0.3097433871376754,-0.546739859712804,0.12357139710179987,0.05441508232862629,-0.30668886319117994,1.3768327877713311,-0.3111848315757339,-0.13703129224689026,0.7723221107525258,-0.5492842082366923,-0.24187915742662236,1.3632551977558311,0.05466831232812336,-0.30811609287361674,2.360354183563407,1.2394936152235467,0.9307238405156429,0.12299899997642086,0.5922095343994543,0.30063195902267154,0.7800141943748481,0.9397787625705066,0.6329640264021783
-1.5015680142332088,1.2765181700075667,1.4593813404007963,-1.520449566674473,0.35234423221648925,1.01200246618799,1.143543749793731,False,True,False,False,False,True,False,False,False,-1.9167788536708716,-2.1913603413146223,2.2830584365731315,-0.5290688290958384,-1.5195905335530102,-1.7171087175665702,1.8629267979916142,-1.9408814984400962,0.449773814521714,1.2918395361814374,1.4597543748102844,-2.218915726625202,0.5142045978945895,1.4768975155943405,1.668866410380928,-0.535721635193811,-1.5386987111890276,-1.7387005988471804,0.35657323195020096,0.40292104452703725,2.254706501368262,1.2253848433178895,0.916917740956154,1.629498638359467,1.1298310360436938,0.8226471573147971,2.1297938967100247,1.208048567070379,0.8999098306739988
-1.4667916062864799,-1.4340663697377083,-0.6226721188566405,-1.4819571725814484,0.1836688019000847,0.27568531672258584,-0.8744746321952062,False,False,True,False,False,True,False,False,False,2.103476513988994,0.9133302374075377,2.1737223416185127,-0.2694038569637385,-0.40437290854511865,1.2826720504143851,0.8929531450256293,2.125224942590636,-0.26339325197492874,-0.395351041342349,1.254054661219897,0.9227734127060866,-0.1143654420469863,-0.17166156030131655,0.5445109721153705,-0.27218929835527167,-0.40855383249242444,1.2959339534222099,0.050634791823882724,-0.16061370798731076,2.1514776162724716,1.2111117232883513,0.9029183614565074,2.0565463528126893,1.197525101923842,0.889563261957631,0.38772056760141826,0.7890957602576766,0.4840742464699982
-1.4320151983397509,-0.5937954337509732,0.8454657710761219,-1.4434647784884238,-0.4910329193655329,0.1785704835396857,1.143543749793731,False,False,False,True,False,False,False,False,True,0.8503240858361383,-1.210719833857043,2.067063501063545,0.7031666034165804,-0.2557156464037082,-1.6375720296710523,-0.5020337142577468,0.8571227942467861,0.2915731053406633,-0.10603433772856868,-0.679031056921983,-1.2204000619659388,-0.4151515257951394,0.1509752315573163,0.9668270981786367,0.7087887241824931,-0.25776020346718315,-1.6506651254878295,-0.0876839858450067,-0.5615176258834242,2.050667528276036,1.1966683744211473,0.8887202134017255,0.35259301714350644,0.7705812311177669,0.4661182369698606,0.7148123700613414,0.9194921267069783,0.6127316960800007
-1.397238790393022,-0.8689939845837856,-1.4145351404347135,-1.404972384395399,-1.334410070947555,0.6838612095842772,1.143543749793731,False,False,False,False,True,True,False,False,False,1.214192103878661,1.9764433685894225,1.963081914908227,1.8644895134190282,-0.9555174092762443,-1.5978036857232933,1.2292225280201465,1.22091255054594,1.159594324621448,-0.5942712774189284,-0.9937326396791379,1.98738280906764,1.8875699371052959,-0.9673457121371486,-1.6175828187077144,1.87480929914042,-0.9608061142251436,-1.6066473888081538,-0.9125512851996361,-1.5259562962938857,1.952276237378955,1.1820485566985064,0.8743175710131985,0.7551505452428047,0.9321984684517486,0.6254003099469974,2.000909663524655,1.189342314237038,0.8815067801434291
-1.362462382446293,1.5947400367743927,0.9863690096852334,-1.3664799903023743,-0.3223574890491283,0.876985333124788,-0.8744746321952062,True,False,False,False,False,False,True,False,False,-2.1727733098861277,-1.3438906709069338,1.8617775831525603,0.4391999525292801,-1.1948595263396544,1.1914387907695263,1.5730021507785505,-2.17918034998628,-0.5140763939407078,1.3985636223980273,-1.3945597071052567,-1.3478535147892403,-0.3179634372380072,0.8650311545427717,-0.8625546769532443,0.44049505850975057,-1.1983829095036849,1.1949520869217776,-0.28270278991902,0.28189344667160665,1.8563037435812286,1.1672456392920443,0.8597044574849362,2.5431957848911915,1.262830169410912,0.9534863330926724,0.9729238232674281,0.993161119700743,0.686308353844264
-1.327685974499564,-0.39903847353258187,-1.0643835731752684,-1.3279875962093497,1.1957213837985115,0.06058795530737072,-0.8744746321952062,False,True,False,False,False,False,True,False,False,0.5297977845949244,1.4131671415925342,1.763150505796544,-1.5875425106784937,-0.08044177848520252,1.16102770422124,0.4247299962930143,0.5299181432615816,-0.47713883576122446,-0.024176925200313504,0.34894902237414105,1.4134881827857433,-1.272706199009536,-0.06448882436144271,0.9307764336670622,-1.5879031662067025,-0.08046005312787476,1.161291464754967,0.07244631376165168,-1.0456280173051462,1.7627500468828567,1.1522525654124463,0.844874630091744,0.15923170335921305,0.6316949212496344,0.33578519604329143,1.132912390845352,1.031689669026141,0.7248316700699551
-1.292909566552835,0.7441002459034431,0.37615444865148195,-1.289495202116325,1.1957213837985115,-0.4001150496912969,1.143543749793731,False,False,True,False,False,False,True,False,False,-0.9620543264028786,-0.48633368516290815,1.6672006828401782,-1.5459596160448894,0.5173125754676408,-1.4784986538800164,0.2798966177392418,-0.9595136969860676,0.8897365757164777,-0.2977257068649624,0.8509111854228607,-0.4850493567907975,0.4497759178635161,-0.1505050559137901,0.43014906871250913,-1.5418769874760734,0.5159464368714624,-1.4745941787691275,-0.4784261208954877,1.367359714937499,1.6716151472838396,1.1370618129868029,0.8298215641764605,0.5536851759535646,0.8626124540623346,0.5562388042840721,0.14149216924030036,0.6133143147289829,0.3192929778716987
-1.258133158606106,0.5846059559658553,1.2703869111357213,-1.2510028080233004,-1.334410070947555,0.34247236977908047,1.143543749793731,False,False,False,True,False,False,False,True,False,-0.7355121379192636,-1.5983158971590394,1.573928114283463,1.6788655574370455,-0.4308758443254728,-1.4387303099322575,0.7426757546310084,-0.7313436925004309,-0.7801040751767602,0.20021138712659123,0.668522487036943,-1.5892575931068345,-1.6952170882194633,0.4350724159929766,1.4527430120490181,1.669350745809963,-0.4284338962640238,-1.430576442089452,-0.45699857925448006,-1.5259562962938857,1.582899044784177,1.1216653505418208,0.8145384359134538,0.34176412375075155,0.7645952890031793,0.46033576819766164,1.6138829039849591,1.1271144179433255,0.8199502624033771
-1.223356750659377,-0.9895825435947463,-0.16501471273917634,-1.2125104139302758,1.1957213837985115,-1.6535912766995176,1.143543749793731,False,False,False,False,True,True,False,False,False,1.21061248504131,0.20187186278758926,1.4833328001263983,-1.4627938267776808,2.0229320511818125,-1.3989619659844985,0.1632956791629905,1.199879139552241,-1.1832650084099607,1.6363650616623926,-1.1316309326327545,0.20008205764796427,-0.19731162066360178,0.27286688951257876,-0.18870154337689307,-1.4498246300148152,2.0049966433824253,-1.3865587054097765,-1.9772344496122944,1.367359714937499,1.496601739383869,1.1060545875585783,0.7990181037344104,0.9792736105874479,0.9947776352505852,0.6879248396420429,0.027229855420392884,0.4062200299581205,0.15273371589858561
-1.188580342712648,-0.8999346030750721,-1.1380589989869934,-1.1740180198372512,-1.334410070947555,-0.10475321831622918,1.143543749793731,True,False,False,False,False,False,False,False,True,1.06964457894194,1.3526745550431738,1.3954147403689845,1.586053579446054,0.12450761612655652,-1.3591936220367395,1.0241786735293739,1.0565394406852189,1.2008817975375667,0.09427104594625207,-1.0291145905696009,1.3361017724486741,1.5186373895807372,0.11921534277763375,-1.3014202551880865,1.5666214691447344,0.12298216593919865,-1.342540968730101,0.1397837494853441,-1.5259562962938857,1.4127232310829159,1.090220318427724,0.7832530882898643,0.8098822898118876,0.9486488302185757,0.6418194661458598,1.2951782851752773,1.066798480963951,0.7598984076323005
-1.153803934765919,-0.7590938523117251,0.6526720470464715,-1.1355256257442266,-0.4910329193655329,-2.6359657797402885,-0.8744746321952062,False,True,False,False,False,False,False,True,False,0.8758454736538879,-0.7530555759939459,1.310173935011221,0.5665557144635481,3.0413876885726587,1.0089722714798086,-0.49543933848868554,0.8619705216448671,0.37274007037305507,2.0009454183049358,0.6638083173019379,-0.7411258346282098,-0.32048346064950733,-1.7204211814075425,-0.5707451482850555,0.5575804630235611,2.9932066914799593,0.9929883539209139,1.294345972173517,0.4293958315579127,1.3312635198813172,1.0741526589670198,0.7672355508057277,0.5762234766174551,0.8712599223605577,0.5647988198248048,0.4259808009958315,0.8078812084994127,0.5023934005143001
-1.11902752681919,-0.3266395313650376,-0.9172240163048629,-1.097033231651202,-1.334410070947555,-1.745188979006388,1.143543749793731,False,False,True,False,False,True,False,False,False,0.36551862694479725,1.0263989225047951,1.227610384053108,1.4932416014550625,1.9529145070096257,-1.2796569341412216,0.299601622842578,0.3583344206784213,0.43587108022309595,0.570047710246075,-0.3735265945280421,1.0062252267550185,1.2239529646721736,1.6007292445352224,-1.0488857910061293,1.4638921924795059,1.9145303054814393,-1.2545054953707502,2.3287977492928054,-1.5259562962938857,1.252222605779073,1.0578409742580357,0.7509572696780442,0.10669338345037138,0.5715238677124846,0.28264907667410943,0.8412998960864235,0.9577181298820979,0.6508783149851882
-1.084251118872461,-0.9154972194421398,-0.40471621545748615,-1.0585408375581773,-0.4910329193655329,-1.9135389552809388,-0.8744746321952062,False,False,False,True,False,False,False,True,False,0.992628884504767,0.4388140094356074,1.1477240874946457,0.53240299222529,2.0747567532693982,0.9481500983832362,0.3705165699144745,0.9690911934504651,0.4495392723337018,1.7518395928539165,0.8005790942473991,0.42840864168374315,0.19872898479065942,0.7744402441117734,0.353914063655621,0.5197783977338282,2.0255591284232843,0.9256671095872926,0.9396106195312712,0.4293958315579127,1.1756004887761837,1.0412737963054968,0.734409615131021,0.8381351588062895,0.9568161889527893,0.6499772335480846,0.16379521505423036,0.636173101802871,0.33983530050382904
-1.049474710925732,-1.630489344566479,0.3811838802929125,-1.0200484434651527,-1.334410070947555,1.3030772207785657,-0.8744746321952062,False,False,False,False,True,False,False,True,False,1.7111573335563919,-0.4000428425799532,1.070515045335834,1.400429623464071,-1.3675465895904917,0.9177390118349499,-0.621516255138098,1.663178118011554,2.175741401962188,-2.1246535236267525,1.4258215698879744,-0.3888260237667925,-0.5086556087457297,0.4967120313376779,-0.33333563351788614,1.3611629158142775,-1.3292018907700731,0.8920064874204819,-1.7388393666292687,1.166907755989442,1.101397168872649,1.0244387297079958,0.7175835217427909,2.658495502744826,1.2769061612219117,0.9671698914549852,0.14530115059516144,0.6174009072660264,0.32294101566695166
-1.014698302979003,1.2329671030345435,1.666412614408155,-0.9815560493721281,-0.4910329193655329,0.14633076623918556,1.143543749793731,True,False,False,False,False,False,True,False,False,-1.251089627078089,-1.6909060519027588,0.995983257576673,0.49825026998703187,-0.1484815801765188,-1.1603519022979447,2.054631933647043,-1.210226318660384,-0.6054274360847157,0.1804210209347536,1.4099518243764355,-1.635677382422348,-0.8182634509203864,0.2438474347369898,1.9056157297838765,0.4819763324440952,-0.14363184881133137,-1.122452285331724,-0.07185322333942265,-0.5615176258834242,1.0296126460684687,1.0073223431350082,0.7004694586199214,1.5202078771653946,1.1103905182567724,0.803331240566135,2.7769310014586224,1.2908960509693084,0.9807339788763481
-0.9799218950322742,1.5201208088608753,0.10082471824705001,-0.9430636552791035,-0.4910329193655329,-1.2820484726781822,-0.8744746321952062,False,True,False,False,False,False,False,True,False,-1.4895996636969424,-0.09880034897074437,0.9241287242171625,0.4811739088679029,1.2563073688700372,0.8569168387383774,0.15326575225487551,-1.4335706864701645,-0.7464293585632509,-1.948868561286408,-1.3293070852208932,-0.09508412733254872,-0.04950825574505628,-0.1292621760368385,-0.08816865840527435,0.46307529979922873,1.2090533188888783,0.8246852430868608,0.6295280043072905,0.4293958315579127,0.9602469203636435,0.9899100439091798,0.6830573969749955,2.310767273531842,1.2329317940830609,0.9243068403984026,0.01016562380959702,0.3175290825216645,0.09605964274775292
-0.9451454870855452,-0.5583058072212969,0.09648765941598958,-0.9045712611860789,2.0390985353805338,0.6803752303812816,-0.8744746321952062,False,False,True,False,False,False,False,False,True,0.5276802141088611,-0.09119487585646967,0.8549514452573025,-1.9272447784376565,-0.6430535785196564,0.8265057521900911,-0.05386962057713763,0.5050273881656804,-1.1384405537993931,-0.3798574422113972,0.48822426542229125,-0.08727996376681453,0.1967478449974401,0.06564781350410454,-0.08437601047917381,-1.8445099338318558,-0.6154478802257648,0.7910246209200501,1.3873521357796645,-1.7831399417366758,0.8932999917581725,0.9721859323635296,0.6653367748311083,0.3117053743770239,0.7471986397346404,0.443599210101323,0.009309868419576003,0.31062462783235584,0.0921120342898919
-0.9103690791388163,-0.5685091297912624,0.9351330355915802,-0.8660788670930543,-0.1536820587327241,1.2373719498718057,1.143543749793731,False,False,False,True,False,True,False,False,False,0.5175531329700813,-0.8513162004837928,0.7884514206970931,0.1399073942886675,-1.1264651625569972,-1.0410468704546678,-0.5316316683032309,0.4923737430616747,0.08736965347467066,-0.7034572504497378,-0.6501150620734713,-0.8098989600464446,-0.1437131700986958,1.1571073876394942,1.0693655380763902,0.1331007833197659,-1.071661696517697,-0.9903990752926977,-0.19016186867442417,-0.1757421577192397,0.8287718602520563,0.9541326318383709,0.6472964585422442,0.3232026306560185,0.7539954441448983,0.4501255693465184,0.8744737942547237,0.9670227689106292,0.6601760763621286
-0.8755926711920873,-1.6723205983379819,0.12877568776543977,-0.8275864730000296,-1.334410070947555,0.6998745007214072,-0.8744746321952062,False,False,False,False,True,False,True,False,False,1.4642716597883032,-0.1127550484351396,0.7246286505365341,1.1683996784865924,-0.6128049835858853,0.7656835790935186,-0.21535423521528535,1.3839899057038296,2.231561448275244,-1.17041454380792,1.4624019401440738,-0.10657301724595336,-0.17183957464740068,0.09012682017989299,-0.11261107219436765,1.1043397241512063,-0.5792066695946861,0.7237033765864288,-0.9339195821620376,1.166907755989442,0.7666625258452947,0.9357310891447859,0.6289247007784897,2.7966561836255055,1.2931823530879092,0.9829472328847733,0.016583177759462032,0.3588532956034259,0.121133583200351
-0.8408162632453583,0.5697032616543822,0.8154567321055969,-0.789094078907005,0.35234423221648925,-0.08056105837373133,-0.8744746321952062,True,False,False,False,False,True,False,False,False,-0.4790157676229303,-0.6856492823272992,0.6634831347756258,-0.2962567607083233,0.06773704806489196,0.7352724925452323,0.4645683600185823,-0.4495494705054812,0.200731658318843,-0.04589589771784382,-0.4981910501956252,-0.6434720789093823,0.28732147617951387,-0.06569405739641118,-0.7130962258791466,-0.27803274737906647,0.06357025415319298,0.6900427544196182,-0.028385224259240137,-0.30811609287361674,0.7069719885378877,0.916960338970753,0.6102090945790434,0.3245618063396415,0.7547868981735059,0.450886596180781,0.6649696819363392,0.9030264293505461,0.5963370790934034
-0.8060398552986293,1.0532706319519844,1.335319474875749,-0.7506016848139804,0.35234423221648925,0.39092338409673116,1.143543749793731,False,True,False,False,False,False,False,True,False,-0.8489781077688734,-1.0763207163062904,0.6050148734143681,-0.28400349395108565,-0.31509982795017966,-0.9217418386113909,1.4064527871601722,-0.7905867109082454,0.3711138321312984,0.41174811981237236,1.204461048009985,-1.0022930476066567,0.47049211513882144,0.5220076079686978,1.52699623947201,-0.2644701743361852,-0.2934277507361892,-0.8583458652536714,0.13773959962503446,0.40292104452703725,0.6497002483298353,0.8977972239312334,0.5911365230229593,1.1093790241325328,1.0262897407418552,0.7194339520240532,1.7830780999824463,1.1555602428587395,0.8481487018371151
-0.7712634473519003,-1.2076467963756206,-0.3149338414778891,-0.7121092907209557,-0.1536820587327241,1.139808006219642,1.143543749793731,False,False,True,False,False,False,False,False,True,0.9314138313561395,0.24289696026601365,0.5492238664527609,0.118529354414338,-0.8790922521962574,-0.881973494663632,0.38032884473104034,0.8599765036084777,0.1855936458889842,-1.376485487194434,-1.3809969459537634,0.22426731447884551,0.04839968112292737,-0.3589641139460056,-0.3601406260205698,0.10943842184069641,-0.811667870867136,-0.814328128573996,-0.17516804095587618,-0.1757421577192397,0.5948473052211375,0.8782160596071449,0.5716931040062982,1.4584107847962995,1.0989298414255664,0.7919271502094261,0.09918332450802018,0.5611896662251445,0.2737863537009018
-0.7017106314584424,0.9355117397791876,-0.8901698765552204,-0.673616896627931,0.35234423221648925,0.16411243480242318,1.143543749793731,False,False,False,False,True,False,True,False,False,-0.6564585336572397,0.6246416661828474,0.47268413789386177,-0.2472436936793727,-0.11515944025539082,-0.802436806768114,-0.8327643699151989,-0.6301765149090529,0.3296221656820099,0.1535291094014134,1.0697986028831492,0.599633469716796,-0.31364622169709616,-0.1460879458292497,-1.0179481985893795,-0.23734502825042256,-0.11054890902966197,-0.7703103918943204,0.057824069837638443,0.40292104452703725,0.4923978103018059,0.8376817005631927,0.5316339989272703,0.8751822152646823,0.9672185584340219,0.6603717565192051,0.7924024091263363,0.9434881433039953,0.6366667068076751
-0.6669342235117134,0.3566781991950285,1.488048203540354,-0.6351245025349064,0.35234423221648925,-0.157220315026151,1.143543749793731,True,False,False,False,False,False,True,False,False,-0.2378808978236926,-0.992430273176186,0.423586266931381,-0.2349904269221351,0.10485560872223298,-0.762668462820355,0.5307543535541707,-0.22653506382878874,0.12567350624373233,-0.05607705884040262,0.40787712537715826,-0.9450958750215284,0.5243052017775521,-0.2339514073347125,1.7016482225503615,-0.22378245520754128,0.09985447436936541,-0.7262926552146449,-0.05539567118672374,0.40292104452703725,0.4448012584911721,0.8166604089287747,0.5109861449887978,0.12721933778100844,0.5972254174053785,0.3050392113854199,2.2142874560596746,1.2198558126026018,0.911498549102577
-0.6321578155649845,-1.5465279657247306,0.030041615886297703,-0.5966321084418817,0.35234423221648925,-1.6753658353926386,1.143543749793731,False,True,False,False,False,True,False,False,False,0.9776497405227049,-0.01899104227472429,0.37716565036855093,-0.22273716016489747,1.0590956067740158,-0.7229001188725962,-0.046460199103719735,0.9227082409546803,-0.5449102086846093,2.591000117254491,-1.7685223890857293,-0.01792379262724293,0.01058499008400025,-0.05033069689589192,0.034353902080479795,-0.21021988216465998,0.9995770507818046,-0.6822749185349695,-0.5903054889531564,0.40292104452703725,0.399623503779893,0.7950835274139344,0.4899029525805412,2.3917487487686735,1.2435947755296861,0.9347308493064617,0.0009024986850598545,0.17332517383893692,0.029599205198438512
-0.5973814076182555,0.3775152476091146,-0.32830362526252643,-0.5581397143488571,-1.334410070947555,1.1566790940698866,1.143543749793731,False,False,True,False,False,True,False,False,False,-0.22552059001408714,0.19612248178550432,0.33342228820537134,0.7971517665226266,-0.6909785853780774,-0.6831317749248372,-0.12393962438195263,-0.2107062524628893,-0.5037601483458624,0.43666399460207955,0.43170520185523575,0.18323929162372074,0.4380916638789074,-0.3797419398485186,-0.37542955870358535,0.7447872558229065,-0.6455885391574613,-0.638257181855294,-1.543484231981351,-1.5259562962938857,0.35686454616796837,0.772904526845493,0.4683656682812034,0.1425177621773711,0.614422694575253,0.32028133102840034,0.10778327036051738,0.5729778575673988,0.283902658402409
-0.5278285917247976,-0.4678640987863554,-0.04923994551656275,-0.5196473202558325,-0.4910329193655329,-0.8474394411648885,-0.8744746321952062,False,False,False,False,True,True,False,False,False,0.24695204838099352,0.02599025109861308,0.27428471324420095,0.2591812143192253,0.4473027668021125,0.461572713610656,0.023037602733395873,0.24312432517823965,0.22973667429338815,0.39648649041662315,0.40913528570353974,0.025587405737225028,0.02417843419639759,0.04172787191154549,0.0430590832449082,0.2551639407056974,0.4403696346804345,0.4544183992519436,0.41612066278069093,0.4293958315579127,0.27860302224218303,0.7265181289718775,0.4238475062613074,0.2188968149331685,0.6840059201398445,0.38380835014831033,0.002424572234474068,0.22190075600719064,0.04806604064246497
-0.4930521837780686,0.8677279017198314,-2.3859153038977055,-0.4811549261628079,0.35234423221648925,1.2082965776920966,1.143543749793731,True,False,False,False,False,False,False,True,False,-0.42783513686812413,1.1763807508962778,0.2372344870801478,-0.17372409313594694,-0.595753266282655,-0.5638267430815603,-2.0703252803323897,-0.4175115544814137,0.30573892130429925,1.0484726540160163,0.9922848185333422,1.1479949018776139,-0.8406634958854087,-2.8828932963627962,-2.7283985333094316,-0.16953216303601612,-0.5813778506222143,-0.5502217084959432,0.42573632995673333,0.40292104452703725,0.24310045592832233,0.7021767468223856,0.40082247024233025,0.7529517114231014,0.9315191365290524,0.6247226663058991,5.69259183737328,1.544640833299996,1.2196242697825355
-0.4582757758313396,1.0049612482991621,-1.696801787842039,-0.4426625320697833,-1.334410070947555,-0.8118418205160521,-0.8744746321952062,False,True,False,False,False,False,True,False,False,-0.46054939574473003,0.7776031557553145,0.20286151531574517,0.6115278105406438,0.37204744014932095,0.40075054051408343,-1.7052200428259854,-0.4448586908041173,-1.3410304106424284,-0.8158695693672761,-0.878813117976845,0.7511105758266922,2.2642293940982334,1.377534652496573,1.4838101193313353,0.5906933408250639,0.35937195590977816,0.3870971549183224,1.0833299013130173,1.166907755989442,0.21001668671381624,0.6769606900192504,0.37725476236121885,1.0099471105830102,1.0024775550101668,0.6956247330401634,2.8791363072239395,1.3026134452868352,0.9920665478869302
-0.4234993678846106,-0.3625122775281824,0.5609463194852122,-0.40417013797675866,-1.334410070947555,0.2793213001455844,-0.8744746321952062,False,False,True,False,False,False,False,True,False,0.15352372038359577,-0.2375604117191862,0.17116579795099315,0.565121821545148,-0.11829239404836257,0.37033945396579715,-0.20334992784763573,0.1465166372268345,0.4837400339757416,-0.10125740067790881,0.3170077905577038,-0.22671775134389316,-0.748532417982032,0.15668425527048982,-0.49053332641308556,0.5393287024924497,-0.11289332841968845,0.35343653275151177,-0.37272915594443257,1.166907755989442,0.17935171459866478,0.6507682904725849,0.3531181836786811,0.13141515135866993,0.6020899247854778,0.3093302585445216,0.3146607733440058,0.7489634967641695,0.4452922523995306
-0.35394655199115266,-0.34217532222379676,1.7766983066850472,-0.36567774388373403,0.01499337158368049,-0.4518958236427781,-0.8744746321952062,False,False,False,False,True,True,False,False,False,0.1211117754775745,-0.628856239579692,0.12943037658755147,-0.005306852174765837,0.1599469686375633,0.30951728086922464,-0.6079423155844301,0.1251258998434877,-0.005130361752866989,0.15462759906655563,0.2992236390479308,-0.6496990283506386,0.02663869790422483,-0.8028825446641685,-1.5536775982602522,-0.00548274229393077,0.16524824526017284,0.3197759105847011,-0.006775442000989519,-0.013111323101005051,0.12527816166642572,0.5949340736511506,0.3030236995537593,0.11708395113895914,0.5849575388212351,0.29429167250815474,3.156656872977514,1.3329284702057524,1.0212625624103224
-0.3191701440444237,0.8747375417198203,-0.7908235544969529,-0.32718534979070935,1.1957213837985115,0.11423976670615778,1.143543749793731,True,False,False,False,False,False,True,False,False,-0.2791901071917801,0.2524072678025156,0.10442779522192584,-0.38163856630396853,-0.036461922795205735,-0.36498502334276556,-0.6917630519947949,-0.2862013085626646,1.0459423838457318,0.09992981269519023,1.0003006485436337,0.2587458813008176,-0.945604634923554,-0.09034349837146635,-0.9043413329346525,-0.391222519210347,-0.03737757802976326,-0.3741507617772413,0.1365989319307061,1.367359714937499,0.10186958084933816,0.5649514528208806,0.2770028601427022,0.7651657668940344,0.9352740463200186,0.6284686718751454,0.625401894347195,0.8892826066537863,0.5826756003565561
-0.2843937360976947,-0.08433832873298691,-0.29353350917356397,-0.2886929556976847,1.1957213837985115,-1.885909157027439,-0.8744746321952062,False,True,False,False,False,False,False,True,False,0.0239852924046097,0.0834790913437368,0.08210246825595081,-0.34005567167036416,0.5363407511078874,0.24869510777265208,0.024756125590827266,0.02434788140052896,-0.10084514313986087,0.1590544264459304,0.07375172899873712,0.08474105635962963,-0.350984293780247,0.5535775328448221,0.25668760747152053,-0.3451963404797179,0.5444486887195804,0.25245466625107976,-2.2550219069591337,-1.0456280173051462,0.08087979713160522,0.5332857921393507,0.2502868063120294,0.0071129536934733655,0.2904106209025195,0.080969965698125,0.08616192100774676,0.5417873283619358,0.257377628124836
-0.24961732815096574,1.293381779243078,-0.9682965353869977,-0.2502005616046601,-1.334410070947555,-0.6128256751229106,1.143543749793731,False,False,True,False,False,True,False,False,False,-0.32285050401379933,0.24170359402113942,0.06245439568962636,0.3330918765676693,0.1529719076464927,-0.2854483354472476,-1.252377095773743,-0.3236048475358526,-1.7259016718020306,-0.7926175620563106,1.479038649750517,0.24226833695367345,1.2921046484840353,0.5933969780177122,-1.1072894509887254,0.3338701491619926,0.1533293280815072,-0.2861152884178904,0.8177607526192465,-1.5259562962938857,0.06230881051322691,0.49961718160103913,0.2228373669653383,1.67283642687799,1.1372694400374426,0.8300274877239666,0.9375981804424632,0.9840205970339228,0.6771684658294929
-0.21484092020423676,1.327450224443523,-0.5412508300206175,-0.2117081675116355,-1.334410070947555,-2.0031871449987575,-0.8744746321952062,False,False,False,True,False,False,False,True,False,-0.28519062774476706,0.1162828263829364,0.04548357752295247,0.28668588757217356,0.4303665695728309,0.18787293467607957,-0.7184835357911117,-0.28103205447984747,-1.7713629481790292,-2.6591312252309804,-1.1608215467776934,0.11458722138781663,0.7222505584882352,1.0842267049172085,0.4733101205076295,0.28250551082937836,0.4240910796505518,0.18513342191745855,2.673073100279022,1.166907755989442,0.04615662099420323,0.46350935287676426,0.19461313834739155,1.7621240983751594,1.152150261226166,0.8447733440944424,0.29295246099800737,0.7356975125828669,0.4325943140335745
-0.18006451225750778,-1.4047900611942026,-2.1504775777434815,-0.17321577341861083,-1.334410070947555,0.611098358339522,-0.8744746321952062,False,False,False,False,True,False,True,False,False,0.2529528371931286,0.38722469615708677,0.031190013755929138,0.24027989857667784,-0.11003712783576973,0.1574618481277933,3.020969528035026,0.24333179694053145,1.874566005224576,-0.8584649002074538,1.2284532720742813,0.37249663684821793,2.8696189370878056,-1.3141533174049933,1.8805380888412688,0.2311408724967641,-0.10585187477462368,0.15147279975064787,-0.8154558037077759,1.166907755989442,0.03242322857453417,0.42434009032556397,0.16556910838781422,1.9734351160300114,1.1852383984642931,0.8774626071047569,4.624553812377472,1.466450673477796,1.1475540533276642
-0.14528810431077882,1.4231453544052435,-0.38293502862028794,-0.1347233793255862,0.35234423221648925,1.061608400596951,-0.8744746321952062,True,False,False,False,False,False,False,False,True,-0.2067660907002293,0.055635904382435465,0.01957370438855639,-0.051191425563570564,-0.1542390720431289,0.12705076157950707,-0.5449722070200017,-0.19173095141698343,0.501437057230379,1.5108230635071316,-1.2445045103538417,0.051590301117865264,-0.1349249486480147,-0.40652704326613154,0.33486696830738705,-0.04746900565008451,-0.1430234712488519,0.11781217758383723,0.37405159682290784,-0.30811609287361674,0.021108633254219748,0.3811667670597462,0.13565622484072581,2.025342699765226,1.1929565601501353,0.8850664294718437,0.14663923614442076,0.6188174436942514,0.32420807299651017
-0.11051169636404984,1.053586858467717,0.008796544043237783,-0.09623098523256159,0.35234423221648925,-0.11741678273484239,1.143543749793731,False,True,False,False,False,True,False,False,False,-0.1164336709961375,-0.0009721210043592851,0.01063464942083421,-0.038938158806332925,0.012975927841636512,-0.1263749596562118,0.009267923203887805,-0.10138770141842783,0.3712252527201907,-0.12370877925298908,1.2048226668655702,-0.0008465000999223927,0.0030994115570731487,-0.001032861900742323,0.010059232960429843,-0.033906432607203225,0.01129913268541151,-0.11004434169918864,-0.04137112616203838,0.40292104452703725,0.012212835033259947,0.3324329952998797,0.10482089681740962,1.1100452683358732,1.0264437921619074,0.7195879512885006,7.737918710462213e-05,0.09378989307616137,0.008758079853067244
-0.07573528841732086,0.9395999341717113,-0.09031926688289865,-0.05773859113953695,1.1957213837985115,0.4506993293857975,-0.8744746321952062,False,False,True,False,False,False,False,True,False,-0.07116087201139025,0.006840355727017305,0.004372848852762597,-0.09055830386873827,-0.03413384370052647,0.06622858848293452,-0.0848639772176088,-0.05425117643387627,1.123499733504789,0.4234770602221297,-0.8216563068454471,0.0052149072225744055,-0.10799667878088665,-0.04070683301473929,0.07898190768756347,-0.0690392680959436,-0.02602274430627005,0.05049093325021596,0.5389108258102469,-1.0456280173051462,0.005735833911654774,0.275200451339239,0.07300441699102207,0.8828480362954841,0.969329631328637,0.6624817323099542,0.008157569970264273,0.3005316404023022,0.08647055874979584
-0.006182472523862907,0.9855905244078728,2.221251640020813,-0.019246197046512314,0.35234423221648925,0.959640490870038,1.143543749793731,False,False,False,False,True,False,False,True,False,-0.006093386336931307,-0.013732827233014095,0.0001189890844289138,-0.0021783585346200163,-0.005932950967590322,-0.007069927812934901,2.1892445687299604,-0.018968869439929325,0.34726713660233893,0.9458125746396292,1.1270658840425487,-0.0427506467537292,0.7826452036627509,2.13160301417545,2.540098429664875,-0.006781286521440644,-0.018469429981096554,-0.022008868339837725,0.3381237919594584,0.40292104452703725,3.8222966508319776e-05,0.07862870038263958,0.006163439447970615,0.9713886818025856,0.9927691193867146,0.6859163633012351,4.933958848295151,1.4903864062788592,1.1697699921099
0.09814675131632401,1.4756581034291207,-0.04674677856226659,0.019246197046512314,1.1957213837985115,1.1828870227756736,-0.8744746321952062,False,False,True,False,False,False,False,False,True,0.14483104890517626,-0.004588044450390046,0.0018889517153090139,0.11735616929928333,0.11609651845967094,-0.0858268442584968,-0.0689822625946154,0.028400806631879508,1.7644759494457551,1.7455368206000696,-1.2904255772420559,-0.0008996977114990604,-0.055896122750595995,-0.05529615771787321,0.04087887198954882,0.02301308936531453,0.022766076724102913,-0.016830311083405318,1.4144033077506297,-1.0456280173051462,0.00963278479394835,0.3132838191102822,0.09362398745008876,2.1775668382160296,1.2147666868288416,0.9065062610508166,0.0021852613059495873,0.21621003344495043,0.04568704835065709
0.13292315926305298,-1.5298763286108674,0.5114976743825435,0.05773859113953695,-1.334410070947555,-0.3053716208858903,-0.8744746321952062,False,False,False,True,False,False,True,False,False,-0.2033559948807171,0.06798988683463204,0.00767479594566497,-0.1773740023827837,-0.040590960597431835,-0.11623793080678306,-0.7825281841773625,-0.08833290383171875,2.0414823802026127,0.46718081422285557,1.3378380397661407,0.02953315508999768,-0.6825476479623193,-0.15619687390556064,-0.447291740674378,-0.07704695749892138,-0.017631727163948105,-0.05049093325021596,0.4074909662917108,1.166907755989442,0.017668566268470947,0.364586285072619,0.12480115914846662,2.3405215808438666,1.236881695478944,0.9281704195726772,0.26162987089875045,0.7151906559670249,0.4131009966206071
0.16769956720978196,-1.196652638231961,-0.9401103305715325,0.09623098523256159,0.1836688019000847,-1.2913735129494244,-0.8744746321952062,False,False,False,False,True,True,False,False,False,-0.20067812953194367,-0.15765609556629104,0.016137894575671496,0.030801178588583382,-0.21656277922779424,-0.14664901735506933,1.1249855073075454,-0.11515506235820572,-0.2197877563546398,1.5453255212138042,1.0464423756833172,-0.09046774333820773,-0.17266893806996594,1.2140335801502045,0.8221026355494545,0.01767462976332933,-0.12427014545435723,-0.08415155541702661,-0.2371850259289243,-0.16061370798731076,0.028123144842348177,0.4095113761665016,0.15503563146469596,1.4319775365875127,1.0939161934224948,0.7869346735885671,0.8838074336473161,0.9695928684615686,0.6627448428867434
0.20247597515651095,0.09452786482791262,-0.8820123650697572,0.1347233793255862,1.1957213837985115,-0.36065973049325517,1.143543749793731,True,False,False,False,False,False,False,True,False,0.01913962161049446,-0.17858631371759962,0.02727824760532859,0.24210485320009628,-0.07302493063130627,0.23154013587361885,-0.08337474562186152,0.012735113390048609,0.11302898933955031,-0.03409239425293782,0.10809674900530614,-0.11882768642915031,-1.054641045688608,0.31810634187777725,-1.0086197273163073,0.1610916255572017,-0.048589297678706504,0.15406207837886407,-0.43124855202579326,1.367359714937499,0.04099652051558004,0.44997330493764953,0.18438274371837016,0.00893551722892412,0.30745384178427926,0.0903230966132282,0.7779458121359467,0.9391551336545828,0.6323416113168208
0.23725238310323993,0.22179458235589256,1.926786699074499,0.17321577341861083,-0.4910329193655329,-1.9984827042237576,-0.8744746321952062,False,True,False,False,False,True,False,False,False,0.05262129322332332,0.45713473608705013,0.04109585503463626,-0.11649873030161373,-0.47414478416769384,-0.2074711904516419,0.42735085121011734,0.03841832012283371,-0.10890844127367304,-0.44325263672878307,-0.19395373582855852,0.3337498482928815,-0.9461156978412298,-3.8506498928287725,-1.684926089991788,-0.08505464690189915,-0.34616872727583503,-0.15147279975064787,0.9813207965565165,0.4293958315579127,0.056288693288166526,0.48708560141235946,0.21289310097711225,0.04919283676242481,0.47095072179145514,0.2003207470739954,3.712506983730404,1.388087424867216,1.0739051314890866
0.2720287910499689,0.45279713914171216,-0.23257133118053205,0.2117081675116355,2.0390985353805338,-1.268436983358173,-0.8744746321952062,False,False,True,False,False,False,True,False,False,0.12317385835160452,-0.06326609805392207,0.05759071686359451,0.5546935094113289,-0.3450513791059933,-0.23788227699992814,-0.10530763340492459,0.09586085258220292,0.923297983248361,-0.5743446372461243,-0.39595961170999033,-0.04923725033997213,-0.474235860781724,0.2950020777382287,0.20337772929324524,0.4316938143010726,-0.2685384693507457,-0.18513342191745855,-2.586467994988153,-1.7831399417366758,0.07399966316010764,0.5215637938449801,0.24061309913502058,0.20502524921491905,0.6729020278924058,0.3734907596598363,0.05408942408708472,0.4822564993657753,0.20910250045718975
0.3068051989966979,-1.6394231945274143,0.8468125339424135,0.2502005616046601,0.35234423221648925,0.29069633640422116,1.143543749793731,False,False,False,True,False,False,False,True,False,-0.5029835594367855,0.25980648798910017,0.0767628330922033,0.10810104228051871,0.0891871473381081,0.3508451677168958,-1.388284109561726,-0.41018460397846496,-0.5776413067536659,-0.47657431646522413,-1.8747521473686968,0.21187297156625715,0.2983695121032394,0.2461653012382348,0.9683671804368388,0.08815672477872838,0.07273238662475333,0.2861152884178904,0.10242517745849157,0.40292104452703725,0.09412943013140339,0.553899990067429,0.26758537915490666,2.687708410754472,1.2803996229800345,0.9705604063650461,0.7170914676419713,0.9202241759171585,0.6134611984710784
0.3415816069434269,1.5026582769396983,-1.0220457414693758,0.2886929556976847,-0.4910329193655329,0.3844589689476574,-0.8744746321952062,False,False,False,False,True,True,False,False,False,0.5132804289239031,-0.3491120267407956,0.09861220372046269,-0.16772781365900089,0.13132411241695388,-0.2987044500965007,-1.5357854928299286,0.4338068593733116,-0.7378546805344814,0.5777104518328998,-1.314036544041925,-0.2950574059630258,0.5018581041588183,-0.39293465198266025,0.8937530738581091,-0.14175774483649858,0.1109905960899836,-0.25245466625107976,-0.18878200989863098,0.4293958315579127,0.11667799420205377,0.5844498327003156,0.29384922164116084,2.2579818972553833,1.225829628023282,0.917353477735549,1.044577497655686,1.0109627794678575,0.704109742236264
0.3763580148901558,-1.5474354376672141,0.0028450466428103735,0.32718534979070935,2.0390985353805338,0.47370493335709757,-0.8744746321952062,True,False,False,False,False,True,False,False,False,-0.5823897294911121,0.0010707561067580143,0.12313882874837262,0.7674310769412418,0.1782826483619508,-0.32911553664478693,-0.004402525996900908,-0.5062982049516869,-3.1553733345431514,-0.7330278008745588,1.353193035199865,0.0009308575809987954,0.005801330442443937,0.001347712630330322,-0.0024879211165498073,0.6671631675562031,0.15498931431802662,-0.2861152884178904,0.965931035810991,-1.7831399417366758,0.14164535537205875,0.6134802481662762,0.31944089090878125,2.3945564337483227,1.2439595803993047,0.9350871423852376,8.094290399766577e-06,0.05333897864423703,0.0028410071574795403
0.4111344228368848,-1.2194582666032385,-0.325027320931919,0.36567774388373403,-1.334410070947555,0.13427272915466174,-0.8744746321952062,False,True,False,False,False,True,False,False,False,-0.5013612706135905,-0.13362991999756343,0.15034270817593318,-0.5486219143467496,0.055204141003735205,-0.3595266231930732,0.39635725338233246,-0.4459287476918413,1.62725739205561,-0.16373998954702992,1.0663853191652706,-0.1188552574189585,0.4337197303846558,-0.04364230543135687,0.2842281469253331,-0.4879640641598354,0.04910054866238838,-0.3197759105847011,-0.17917488203759402,1.166907755989442,0.16903151364141836,0.6411976472484009,0.3443939361124975,1.4870784639869752,1.1042908433031755,0.7972631420528791,0.10564275935218066,0.5701116740884359,0.28143307879686474
0.44591083078361377,-1.649263828543269,-0.7228834698718789,0.40417013797675866,-0.4910329193655329,-0.6449083342473083,1.143543749793731,False,False,True,False,False,True,False,False,False,-0.7354246039670926,-0.32234156861031094,0.18022384200314426,-0.218956897016388,-0.2875716111034937,0.5099185435079315,1.1922255591115378,-0.6665831891424103,0.8098428325335771,1.063623988400178,-1.886005342891535,-0.29216791175923534,0.35495958057227495,0.4661935744099877,-0.826648873801192,-0.19846084277109804,-0.2606526904350962,0.4621862351365923,0.3166712220886187,-0.5615176258834242,0.19883646901013263,0.6677655507613535,0.36873945571039085,2.7200711761412015,1.284236671545891,0.9742818008547006,0.5225605110140077,0.8502255405901888,0.5439993231471344
0.48068723873034275,0.19203886390029298,1.42540509967039,0.4426625320697833,-0.4910329193655329,0.06971848005798931,1.143543749793731,False,False,False,True,False,False,True,False,False,0.09231063121714393,0.6851740414327088,0.21278223023000592,-0.23603325813551704,0.033512783667551345,0.5496868874556905,0.2737331759383856,0.08500840974990818,-0.09429740397260111,0.0133886577031915,0.219604842530669,0.6309734306452767,-0.69992082736967,0.09937707701592634,1.6300130926521847,-0.21736187541596452,0.03086175891452624,0.5062039718162678,-0.03423406879660218,-0.5615176258834242,0.23106022147820152,0.6933161174603852,0.39250633049217115,0.03687892524811525,0.43822239091617965,0.17566517205485982,2.0317796981663543,1.1939033041542308,0.8859985618483834
0.5154636466770717,1.4090687430230027,-1.5601774326307258,0.4811549261628079,-0.3223574890491283,-0.3587270710656414,-0.8744746321952062,False,False,False,False,True,False,False,True,False,0.7263237126973145,-0.8042147488871052,0.24801787285651813,-0.16616356683892788,-0.18491076421328057,-0.45075988283793195,-2.198397253889832,0.6779803670075534,-0.45422386189850655,-0.5054711031147867,-1.2321948707928017,-0.7506870573983161,0.5029348796539563,0.5596778807503323,1.364335586559015,-0.1551038938414615,-0.17260329739118904,-0.420757777085133,0.11563835788266837,0.28189344667160665,0.265702771045625,0.7179579699934193,0.41572142955204466,1.9854747225644247,1.1870420140091937,0.8792402591421568,2.434153621290203,1.2490706275590366,0.9400765657110476
0.5502400546238007,0.5220639311326805,0.4217800026060769,0.5196473202558325,-0.4910329193655329,-1.6892079569880631,-0.8744746321952062,True,False,False,False,False,True,False,False,False,0.2872604859835622,0.23208025167319454,0.2859307698826809,-0.2701859803737751,-0.9294698785240706,-0.48117096938621823,0.2201961262336807,0.27128912281532286,-0.2563505761995266,-0.881874546525792,-0.4565316641596342,0.2191768480917459,-0.20710786600966402,-0.7124741365006311,-0.3688359126462422,-0.2551639407056974,-0.8777923882036766,-0.4544183992519436,0.8294567145353362,0.4293958315579127,0.30276411771240314,0.7417816758479551,0.43840979289026216,0.27255074818970815,0.7225399166362233,0.4200672632437086,0.17789837059838223,0.6494459196931465,0.35190960957123235
0.5850164625705296,1.0440034759349917,-0.34706945425716434,0.5581397143488571,-1.334410070947555,-0.7339558523490214,1.143543749793731,False,True,False,False,False,False,True,False,False,0.6107592204028259,-0.20304134439581054,0.32652092130849425,-0.7806518593242281,-0.42937625642416244,0.6689919192989674,-0.36234171663534015,0.5826998018375702,-1.3931287523919063,-0.7662524610352078,1.1938636496683896,-0.19371324605830745,0.4631329750790319,0.2547336571236267,-0.39688910516010156,-0.7447872558229065,-0.40964990977475474,0.638257181855294,0.9793980810054309,-1.5259562962938857,0.3422442614785359,0.764863688882228,0.46059479375513424,1.0899432577643446,1.0217648829035924,0.7149103728952917,0.1204572060783659,0.5891260088106486,0.2979314582794663
0.6197928705172586,-1.6517062053667093,0.5564594112604543,0.5966321084418817,-0.4910329193655329,1.1264253319065902,-0.8744746321952062,False,False,True,False,False,False,True,False,False,-1.0237157302754014,0.3448895758314607,0.3697883271339582,-0.3043387026120332,0.6981503898857413,-0.5419931424827907,-0.9191074626135981,-0.9854609558344796,0.8110421199553817,-1.8605237105923702,1.4443751764325927,0.33200155180265306,-0.27323988921964654,0.626809977021603,-0.4866096389935467,-0.2929660059954304,0.6720615207777754,-0.5217396435855649,-0.5531119191733823,0.4293958315579127,0.3841432023440233,0.7872692490611193,0.4822982833644036,2.728133388846894,1.2851872258028048,0.9752032838967255,0.3096470763803314,0.745962070926166,0.4424136336308013
0.6545692784639876,0.10929628553821441,-0.33117442093729343,0.6351245025349064,-0.4910329193655329,1.9086040494392151,-0.8744746321952062,False,False,False,True,False,True,False,False,False,0.07154199076354296,-0.21677660175865307,0.4157329873590727,-0.3214150637311623,1.2493135755148719,-0.572404229031077,-0.03619613407371523,0.06941674898137151,-0.053668074163638294,0.20860333316690075,-0.09557682909633228,-0.21033698935008419,0.16261754273202905,-0.6320808408716054,0.28960362994160005,-0.31186703864029686,1.2122011974361893,-0.5554002657523756,-0.9371874183090156,0.4293958315579127,0.42846094030886533,0.8090545583976322,0.5035407202523543,0.011945678032450896,0.33059988738385016,0.1037258372832517,0.10967649708315162,0.575477559021456,0.28606157585910014
0.6893456864107166,-0.1653195260459787,1.0873122201214653,0.673616896627931,1.1957213837985115,0.8597119700760113,1.143543749793731,False,False,False,False,True,True,False,False,False,-0.11396230215925952,0.7495339887223916,0.46435490198383783,0.8242653780705568,0.5926387381275574,0.7882969511422443,-0.1797539408944815,-0.11136202608709257,-0.1976760924526117,-0.1421271754290208,-0.18905011072874087,0.7324318833838472,1.3001224724646703,0.9347753308483466,1.2433890933942473,0.8054581277860084,0.5791165092764874,0.7703103918943204,1.0279759865274327,1.367359714937499,0.475197475373062,0.8302684423791601,0.524341286161867,0.027330545692067026,0.40659503937699326,0.15299532069627303,1.1822478640254699,1.0427426432833105,0.7358772192638999
0.7241220943574456,-0.03407729068976842,-1.0330729683647524,0.7121092907209557,1.1957213837985115,1.8586831876793133,1.143543749793731,True,False,False,False,False,False,False,True,False,-0.024676119104302587,-0.7480709614763476,0.5156540710082536,0.8658482727041611,1.3459135626093175,0.8280652950900033,0.0352043278467076,-0.024266755302782817,-0.040746945179674025,-0.06333888728673336,-0.03896887277818878,-0.7356608587652161,-1.2352674392979375,-1.9201553579455284,-1.1813641360543694,0.8514843065166376,1.323585566453281,0.814328128573996,2.2224672332149367,1.367359714937499,0.5243528075366133,0.8509536381950814,0.5447179901268056,0.0011612617407549773,0.18460035398061517,0.03350952250906439,1.0672397579659607,1.0164019718422197,0.7095484259670628
0.7588985023041745,-1.4554272669439474,1.4280487286169545,0.7506016848139804,-1.334410070947555,0.22626298979651638,1.143543749793731,False,True,False,False,False,False,True,False,False,-1.1045215730964197,1.0837440413647874,0.5696304944323198,-1.0126818043017067,0.171710644083441,0.8678336390377622,-2.078421058153753,-1.0924461586923337,1.942136802541679,-0.3293093248501101,-1.6643447543931233,1.0718957816963488,-1.905602605270316,0.3231145749119862,1.6330361980108024,-1.001610447485978,0.16983338135231366,0.8583458652536714,-0.30192761226717535,-1.5259562962938857,0.5759269367995192,0.8711478073806848,0.5646877621600574,2.1182685293639283,1.2064109030276324,0.8983007855917388,2.0393231713045004,1.1950099282503701,0.8870879424427143
0.7936749102509035,0.5836407383298535,0.03586460579315869,0.789094078907005,-0.4910329193655329,2.0810821956778627,-0.8744746321952062,False,False,True,False,False,False,True,False,False,0.4632210106127176,0.02846483778406926,0.6262841722560366,-0.38972050820767845,1.651702724879381,-0.6940485752242221,0.02093204500502828,0.4605474508250001,-0.28658681560276306,1.2146043492105405,-0.5103790199851372,0.028300548073715393,-0.017610702084508715,0.07463719257114769,-0.031362687959798505,-0.3874711692197628,1.6421696383281905,-0.6900427544196182,-1.0218798659833341,0.4293958315579127,0.6299198631617797,0.8908843416801664,0.5842665377685318,0.34063651143821655,0.7639638331294575,0.45972646105778425,0.001286269948698672,0.18937952844264527,0.03523644590784606
0.8284513181976325,-0.019914006240636845,-1.4893282091328945,0.8275864730000296,-0.4910329193655329,2.430458398270539,-0.8744746321952062,False,False,False,True,False,False,True,False,False,-0.016497784720651474,-1.2338359180850658,0.685615104479404,-0.40679686932680753,2.0135164638717344,-0.7244596617725084,0.02965849125102896,-0.016480562187989226,0.00977843262060335,-0.048400163710767746,0.017414293282813947,-1.2325478797357428,0.7313091784239661,-3.6197502536682653,1.302379737899433,-0.4063722018646293,2.0114144935980165,-0.7237033765864288,-1.19343508269926,0.4293958315579127,0.686331586623395,0.9101930115077969,0.6034693343522107,0.0003965676445521232,0.14111699486821863,0.019718316134874857,2.218098514518995,1.2203803542883238,0.9120128785462971
0.8632277261443615,0.852465193099651,0.867894710237335,0.8660788670930543,-1.334410070947555,-1.8097529750732633,-0.8744746321952062,False,False,False,False,True,False,False,False,True,0.7358715902566257,0.7491907772508942,0.7476232911024219,-1.151899771288194,-1.5622289455554863,-0.7548707483207947,0.7398500317526354,0.7383020886760074,-1.1375381388044266,-1.5427514193584972,-0.7454591861950327,0.7516652673984057,-1.15812744186281,-1.5706750339023647,-0.7589519075189586,-1.1557043624838206,-1.5673888063697363,-0.7573639987532395,2.414952595865062,1.166907755989442,0.7451621071843648,0.9291004930277249,0.622310320404905,0.7266969054464252,0.9232904164452542,0.6165172888616006,0.7532412280579477,0.9316086679702669,0.6248119732487796
0.8980041340910905,-0.07963095837607807,-0.1636849596083293,0.9045712611860789,1.1957213837985115,0.3786175548593571,-0.8744746321952062,True,False,False,False,False,False,True,False,False,-0.07150892982335366,-0.14698977041681288,0.8123087321250904,1.0737627458721828,0.34000012950316294,-0.785281834869081,0.013034390205360891,-0.07203187644770509,-0.09521643974264574,-0.030149678751457923,0.06963525303727264,-0.1480647103500988,-0.19572160640987496,-0.061973999174158266,0.14313834484938093,1.081615200169783,0.3424865591063181,-0.7910246209200501,0.4527211066268393,-1.0456280173051462,0.8064114248446892,0.947630800518372,0.6408028783155486,0.006341089531892679,0.28218957878716583,0.07661927753426599,0.026792766001980394,0.40457997924802125,0.15159165941859407
0.9327805420378195,-1.198409920193649,-1.9344768556546301,0.9430636552791035,1.1957213837985115,0.22742892537258266,1.143543749793731,False,True,False,False,False,False,True,False,False,-1.1178534549417318,-1.8044423699771426,0.8796714275474095,1.115345640505787,0.21214127628411644,1.0666753587765572,2.318296254201526,-1.1301768398605612,-1.4329643681318136,-0.27255308030548414,-1.3704341739282513,-1.8243348145464822,-2.3130953427695475,-0.43995599243966527,-2.212158917404482,1.127641378900412,0.21447995367806624,1.0784345486520486,0.2719416293623129,1.367359714937499,0.8700795396043682,0.965805644028766,0.6589596614673172,1.436186336818548,1.0947191056127819,0.787734335496433,3.7422007050634245,1.3908547212612214,1.0765291940042774
0.9675569499845484,0.46314488714698254,0.4598144909516099,0.9815560493721281,-1.334410070947555,-0.3440589655468096,-0.8744746321952062,False,False,True,False,False,False,True,False,False,0.44811905440887234,0.44489670642383744,0.9497113773693792,-1.2911177382746812,-0.3328966433193099,-0.8461040079656534,0.2129607305203306,0.45460266571489233,-0.6180252017168023,-0.15934915077008469,-0.40500845484094783,0.4513336951825184,-0.6135810874934517,-0.15820329810024375,-0.40209610785293504,-1.3097982774816634,-0.3377131589731876,-0.8583458652536714,0.45911574862546056,1.166907755989442,0.9361664514634019,0.9836447275233821,0.6767926462447938,0.21450318649039118,0.6805474907359387,0.38058815141123353,0.21142936608908816,0.6780962254367812,0.3783093666552654
1.0023333579312774,-1.1217903491152685,1.2509007039133884,1.0200484434651527,-0.4910329193655329,0.6813261483092825,-0.8744746321952062,False,False,False,True,False,True,False,False,False,-1.1244078875236072,1.253819502992105,1.0224285815909993,-0.49217867492245276,0.6829159260812266,-0.8765150945139397,-1.4032483373515352,-1.14428049950926,0.5508359900421507,-0.7643050977732313,0.9809772029427064,1.2759793159563155,-0.6142334244789912,0.8522713585146792,-1.0938809329673849,-0.5008773650889616,0.6949856770749914,-0.8920064874204819,-0.33455356764438104,0.4293958315579127,1.0046721604217903,1.0011659991885848,0.6943131794845546,1.2584135873681561,1.0591460471130827,0.7522602365904563,1.5647525710510106,1.1184367232496384,0.8113304489629115
1.0371097658780064,1.209657911290949,1.574245875911083,1.0585408375581773,-1.334410070947555,0.17671471731900795,1.143543749793731,False,False,False,False,True,False,False,False,True,1.2545480331714343,1.6326657718005604,1.0978230402122702,-1.3839297162656727,0.18327255910591442,1.185980390619834,1.9042989781129909,1.2804722985767965,-1.6141796992280264,0.21376435584648162,1.3832967438453043,1.6664035480094241,-2.1006895509634043,0.27819241495224106,1.8002190320366764,-1.4125275541468918,0.18705974487971921,1.2104877586910747,-0.23580989847513453,-1.5259562962938857,1.0755966664795333,1.0183858629606002,0.7115320218399992,1.4632722623487813,1.0998444941403984,0.7928377122771924,2.4782500778230525,1.254689553599249,0.9455566274988931
1.0718861738247354,0.3461051742837232,-0.37433003746261506,1.097033231651202,0.35234423221648925,-0.6925763133955744,1.143543749793731,True,False,False,False,False,True,False,False,False,0.37098535100392327,-0.4012391916034723,1.1758947532331914,0.37767291093974675,-0.742362974647223,1.225748734567593,-0.12955756285563103,0.37968887783567534,0.12194816189915265,-0.23970424565255377,0.3957864088234217,-0.4106524907017281,-0.13189302964533475,0.25925211733908515,-0.42806277470042664,0.38653333172211674,-0.7597792312494226,1.2545054953707502,-0.2440252693946903,0.40292104452703725,1.148939969636631,1.0353193583743787,0.728459387475459,0.11978879166596643,0.5883070408245368,0.29721536656790176,0.1401229769467628,0.611825169033291,0.3179663668941476
1.1066625817714644,-1.1723571326710795,0.24019464401655582,1.1355256257442266,-1.334410070947555,0.10089807483653514,-0.8744746321952062,False,True,False,False,False,False,False,True,False,-1.297403771199968,0.2658144248750395,1.2566437206537633,-1.4767416942566642,0.11166012399437039,-0.9677483541587986,-0.28159390414220004,-1.3312415666720347,1.5644051645834876,-0.11828857770739233,1.0251965723939689,0.2727471734473113,-0.320518151963355,0.024235177167317365,-0.21004412298163613,-1.5152568308121201,0.11457234956514437,-0.9929883539209139,-0.13463940720109258,1.166907755989442,1.224702069893083,1.0519803143459787,0.7451049804562437,1.3744212465247552,1.0827544193726848,0.7758128142785945,0.057693467014239976,0.49009656601179713,0.21526833827938355
1.1762153976649223,0.030528112668403187,1.817942183323521,1.1740180198372512,1.1957213837985115,0.33501138809578923,1.143543749793731,False,False,False,True,False,False,True,False,False,0.03590763618222541,2.138291588089712,1.380898072068657,1.4064259029410173,0.39404555307136635,1.34505376641087,0.05549834379714333,0.03584055438432721,0.03650311712461993,0.0102272654009864,0.03491023243495128,2.1342968822440893,2.1737523431092876,0.6090313343131025,2.0788964212259815,1.4037984512841863,0.39330940647514734,1.342540968730101,0.4005802805621573,1.367359714937499,1.3834826617040514,1.0845346456729368,0.7775873119922002,0.0009319656630947191,0.17472295976317248,0.03007140158607176,3.30491378190709,1.3483108630147282,1.0360068963474618
1.2109918056116513,-1.453144917292174,-0.8814408119244841,1.2125104139302758,-0.4910329193655329,0.8324880154288237,-0.8744746321952062,False,False,False,False,True,False,False,False,True,-1.7597465872070435,-1.0674176003722309,1.4683401754883554,-0.5946368416372271,1.0081361649542113,-1.0589816138036574,1.280861235741951,-1.7619533451666103,0.713541990999162,-1.209725728327044,1.270738367075407,-1.0687561637215945,0.43281645512720507,-0.7337889122369847,0.7707976298095072,-0.5953825283132941,1.0094003881795968,-1.0603095982545352,-0.40877902055283405,0.4293958315579127,1.4665011532585674,1.1004507283888958,0.7934411956774198,2.111630150652079,1.2054646064037609,0.897370841106626,0.7769379049260937,0.9388507932171566,0.6320378726370566
1.2457682135583803,0.3917899184081627,-0.47561164230463476,1.2510028080233004,0.35234423221648925,-0.17945151064887932,-0.8744746321952062,True,False,False,False,False,False,False,False,True,0.4880794267455204,-0.5925018659814122,1.5584595333077045,0.43893924472593493,-0.22355498784140704,-1.0893927003519437,-0.1863398465325051,0.4901302880838313,0.13804491799168506,-0.07030729271534597,-0.3426103447977679,-0.5949915000516717,-0.16757901894105004,0.08534922769376115,0.41591031597210343,0.4407836238936419,-0.22449434372577123,-1.0939702204213457,-0.06322870473966853,-0.30811609287361674,1.5519384419124382,1.1161398718612199,0.8090476513284581,0.15349934016627478,0.6259312409587515,0.33059062983876436,0.22620643429571186,0.6896460268171164,0.3890725765877045
1.2805446215051093,-0.8526359779127919,-0.9098766515343726,1.289495202116325,2.0390985353805338,0.6367166502580162,-0.8744746321952062,False,True,False,False,False,False,True,False,False,-1.0918384156179748,-1.1651376523554193,1.6512561455267039,2.6111566622004885,0.8153440819106523,-1.11980378690023,0.7757935685610263,-1.0994700026703061,-1.7386087737747231,-0.5428875237461007,0.7456085331816886,-1.1732815766712408,-1.8553281475206833,-0.5793336137129459,0.7956640501935263,2.629407778015624,0.8210430656152901,-1.1276308425881565,1.2983279889935202,-1.7831399417366758,1.6397945276656636,1.13161151527594,0.8244142835228611,0.7269881108313029,0.9233828988630837,0.6166094778763558,0.827875521007402,0.953874547062858,0.647038659624642
1.3153210294518383,0.9808418966267202,-1.6309081715759095,1.3279875962093497,0.35234423221648925,-1.2229059424185444,-0.8744746321952062,False,False,True,False,False,False,True,False,False,1.290121973200551,-2.1451678151786404,1.746730012145354,0.4634457782404102,-1.6085139031047304,-1.1502148734485163,-1.5996630642325314,1.3025458725627377,0.3455939849927068,-1.1994773839578918,-0.8577213567942995,-2.165825822409278,-0.5746410875295122,1.9944472945591427,1.4261878234829997,0.46790876997940445,-1.6240039228625323,-1.161291464754967,-0.43088385535444423,-0.30811609287361674,1.7300694105182435,1.1468744610687946,0.8395483515532023,0.9620508261783016,0.9903746243855,0.6835219546509312,2.6598614641130762,1.2770701513918135,0.96732909896935
1.350097437398567,1.0278987031036892,0.36044177353077383,1.3664799903023743,-1.334410070947555,-0.4287037076563441,1.143543749793731,False,False,False,True,False,False,True,False,False,1.3877634049656014,0.4866315147752924,1.8448811331636543,-1.801583617225134,-0.5787917771100946,1.5438954861496645,0.3704976315566761,1.4046030098489524,-1.3716383813354938,-0.4406639851156992,1.175447137355306,0.4925364711989024,-0.48097713258966246,-0.15452272470687103,0.4121809372856839,-1.8234446608078057,-0.5858150382808329,1.5626296521284784,0.572066544949182,-1.5259562962938857,1.8227630904701777,1.1619369334858787,0.8544567900193072,1.0565757438422463,1.0138533932988976,0.7070001353215194,0.12991827210600965,0.6003680317361791,0.3078094804794988
1.384873845345296,1.5645427858848626,1.9487819636763128,1.404972384395399,-0.4910329193655329,0.015753166152821775,1.143543749793731,False,False,False,False,True,True,False,False,False,2.166694384095612,2.698817171775972,1.9457095085816054,-0.6800186472328722,0.021816147786421655,1.5836638300974235,3.048952762532312,2.1981394083732755,-0.7682420116253279,0.024646502459242905,1.7891231240835064,2.737984842173057,-0.9569160968308758,0.030699486069415246,2.2285174342728014,-0.6898876915376264,0.022132763411506905,1.6066473888081538,-0.007735323165270377,-0.5615176258834242,1.917875567521467,1.1768066303965559,0.8691462279078941,2.447794128864367,1.2508168474580372,0.9417802116171017,3.7977511419501058,1.3959878092864253,1.0813921914186202
1.419650253292025,-0.024413261762889882,-0.16325629904638247,1.4434647784884238,1.1957213837985115,-1.298041117230801,-0.8744746321952062,True,False,False,False,False,False,True,False,False,-0.034658293245371126,-0.23176684629271546,2.0492151383992074,1.6975061653762473,-1.8427644008601698,-1.2414481330933749,0.003985618763059965,-0.03523968348274975,-0.029191459138157978,0.03168941757394958,0.021348778100788418,-0.23565471753982636,-0.19520904780956405,0.21191338880913207,0.1427634920621359,1.72598170239859,-1.8736766337524244,-1.262273331255399,-1.5520955209225793,-1.0456280173051462,2.0154068416721107,1.1914907692852785,0.8836230062910299,0.0005960073499033812,0.1562474376202371,0.024120021142772372,0.026652619178321863,0.40404987197916853,0.15122322676890732
1.454426661238754,-0.18066060152496027,-0.9652378744400848,1.4819571725814484,0.35234423221648925,-0.7986586679427564,-0.8744746321952062,False,True,False,False,False,True,False,False,False,-0.26275759549333294,-1.403867699023084,2.1553980226164597,0.5124588452693607,-1.161590459885374,-1.2718592196416612,0.17438045501101979,-0.26773127423279386,-0.06365472093608124,0.14428615536366188,0.15798311307070434,-1.4304411912737551,-0.34009599777586774,0.7708955950482157,0.8440760352318757,0.5221590621509297,-1.1835779414021133,-1.2959339534222099,-0.28140277515933454,-0.30811609287361674,2.1153569129221093,1.2059961282022236,0.8978931947616725,0.03263825294336048,0.4250418820833545,0.16607411363102598,0.931684154253613,0.9824652026611858,0.6756132936892749
1.489203069185483,0.8135862694876732,0.28894360874491665,1.520449566674473,0.35234423221648925,0.4811745653995384,1.143543749793731,False,False,True,False,False,True,False,False,False,1.2115951695682103,0.43029570896445923,2.264258161233363,0.5247121120265983,0.7165666396069835,1.7029688619407004,0.23508055273108255,1.2370168908948338,0.2866624294645119,0.39147701963576287,0.9303714933906269,0.439324184709567,0.10180761397708933,0.13903231536280952,0.3304196578230947,0.535721635193811,0.731601659456506,1.7387005988471804,0.16953908280780325,0.40292104452703725,2.2177257812714624,1.220329082332091,0.9119626067129221,0.6619226178988689,0.9019901715028126,0.5953062493221752,0.08348840903453547,0.5375347511974613,0.25382297493562017
1.523979477132212,-1.2547336526343689,0.7609924018218381,1.5589419607674977,1.1957213837985115,0.27601248947037427,-0.8744746321952062,False,False,False,True,False,False,True,False,False,-1.9121883358819158,1.159736802630031,2.3757955542499163,1.8222548492770605,0.4206373693850211,-1.3326813927382337,-0.9548427759649163,-1.9560569406787873,-1.5003118594265283,-0.346322159085868,1.0972327493903873,1.1863429870253037,0.9099348877665612,0.2100434072948849,-0.6654685506864985,1.864060238590477,0.4302874515312636,-1.3632551977558311,0.330034035855188,-1.0456280173051462,2.32251344672017,1.2344956367408562,0.9258368135572452,1.574356539053185,1.1201489421654465,0.8130318518475181,0.5791094356305699,0.8723487845018403,0.5658775148096092
1.558755885078941,0.12561694927850045,-0.11382708888056564,1.5974343548605223,1.1957213837985115,1.0333189652322614,-0.8744746321952062,False,False,False,False,True,True,False,False,False,0.1958061589535254,-0.17742864467398536,2.4900102016661205,1.8638377439106648,1.610692018219469,-1.36309247928652,-0.014298611650429376,0.20066483033024832,0.150202872419836,0.12980237604409356,-0.10984883551780054,-0.1818313022915777,-0.1361054842300261,-0.11761968969746674,0.09953890168268369,1.910086417321106,1.65065921459094,-1.3969158199226417,1.2355615830127655,-1.0456280173051462,2.4297199092682327,1.248501455777662,0.9395211579727166,0.015779617946037355,0.35442481470475573,0.11833128469907517,0.01295660616302419,0.33738270388472147,0.10780191301303867
1.6283087009723989,-1.397941295880414,-0.8836391363346048,1.635926748953547,0.35234423221648925,0.19515912224359777,-0.8744746321952062,False,True,False,False,False,False,True,False,False,-2.276279975530709,-1.4388372942133727,2.6637937594745495,0.5737251790555489,0.3177792968233863,-1.4239146523830923,1.2352756393382474,-2.2869295593975543,-0.4925565525807085,-0.2728209962520992,1.2224642005455149,-1.44556889955199,-0.311345153048258,-0.1724502382271523,0.7727200087394931,0.5764093543224549,0.31926602838059676,-1.4305764420894522,0.06876319108696442,-0.30811609287361674,2.651389225662421,1.2760519977541662,0.9663405598471987,1.9542398667278114,1.182345675291458,0.8746105758554688,0.7808181232621663,0.9400208169687546,0.6332056165841379
1.6630851089191279,-0.30380223988664296,-0.267093319059082,1.6744191430465716,0.35234423221648925,-0.6214036541058345,1.143543749793731,False,False,True,False,False,False,True,False,False,-0.5052489812117527,-0.44419892161894475,2.7847015428898803,0.5859784458127865,-1.0334471637713458,1.9018105816794952,0.0811435485889069,-0.5086922861666217,-0.1070429669585089,0.18878382199109725,-0.3474111525957063,-0.4472261664123726,-0.09410879043402605,0.1659727644505691,-0.3054328956216761,0.5899719273653361,-1.0404901739938996,1.9147715455658822,-0.21894799340244112,0.40292104452703725,2.7658520795085475,1.2896065713693956,0.9794852661104754,0.09229580096014135,0.5511825830762824,0.265284795474799,0.07133884108599658,0.516810718792753,0.23672555218557687
1.6978615168658568,1.1460109028825962,0.41700513966937003,1.7129115371395962,1.1957213837985115,0.9211145673364974,-0.8744746321952062,False,False,False,True,False,False,False,True,False,1.9457678099130549,0.7080169789798951,2.9082865807048615,2.030169322445082,1.563924976505183,-1.484736825479665,0.4778924366191779,1.9630152972353645,1.3703097426429596,1.0556073369716115,-1.0021574627899545,0.7142929147861726,0.4986219626565507,0.38410950880364747,-0.3646604161358829,2.0481649535129933,1.577787769418034,-1.4978976864230735,1.1013963850925639,-1.0456280173051462,2.8827337304540284,1.3030201521334415,0.992459428397758,1.3133409895257835,1.0705189876329126,0.7636107247559903,0.1738932865106708,0.6457593512055169,0.3485455878504269
